{

    "metadata" :
    {
        "formatVersion" : 3.1,
        "sourceFile"    : "shelf2.obj",
        "generatedBy"   : "OBJConverter",
        "vertices"      : 119,
        "faces"         : 124,
        "normals"       : 6,
        "colors"        : 0,
        "uvs"           : 43,
        "materials"     : 1
    },

    "scale" : 1.000000,

    "materials": [	{
	"DbgColor" : 15658734,
	"DbgIndex" : 0,
	"DbgName" : "wire_115115115",
	"colorDiffuse" : [0.9804, 0.9804, 0.9804],
	"colorSpecular" : [0.35, 0.35, 0.35],
	"illumination" : 2,
	"mapDiffuse" : "../images/bs_wood_01.jpg",
	"opacity" : 1.0,
	"opticalDensity" : 1.5,
	"specularCoef" : 32.0
	}],

    "vertices": [168.911900,238.428200,-218.614400,-156.088000,238.428200,-218.614400,-156.088000,242.178200,-218.614500,168.911900,242.178200,-218.614400,168.911900,238.428200,-174.864400,168.911900,242.178200,-174.864400,-156.088000,242.178200,-174.864400,-156.088000,238.428200,-174.864400,-49.513600,120.213100,-174.864400,-158.032200,120.213100,-174.864400,-158.032200,120.213100,-173.614400,-49.513600,120.213100,-173.614400,-49.513600,60.409100,-173.614400,-49.513600,60.409100,-174.864400,-158.032200,60.409100,-173.614400,-158.032200,60.409100,-174.864400,-50.763600,61.659100,-174.864400,-156.782200,61.659100,-174.864400,-156.782200,61.659100,-173.614400,-50.763600,61.659100,-173.614400,-50.763500,118.963100,-173.614400,-50.763500,118.963100,-174.864400,-156.782200,118.963100,-174.864400,-156.782200,118.963100,-173.614400,62.614400,120.213100,-174.864400,-49.513500,120.213100,-174.864400,-49.513500,120.213100,-173.614400,62.614400,120.213100,-173.614400,62.614400,60.409100,-173.614400,62.614400,60.409100,-174.864400,-49.513500,60.409100,-173.614400,-49.513500,60.409100,-174.864400,61.364400,61.659100,-174.864400,-48.263500,61.659100,-174.864400,-48.263500,61.659100,-173.614400,61.364400,61.659100,-173.614400,61.364500,118.963100,-173.614400,61.364500,118.963100,-174.864400,-48.263500,118.963100,-174.864400,-48.263500,118.963100,-173.614400,170.856100,120.213100,-174.864400,170.856100,120.213100,-173.614400,170.856100,60.409100,-173.614400,170.856100,60.409100,-174.864400,169.606100,61.659100,-174.864400,63.864400,61.659100,-174.864400,63.864400,61.659100,-173.614400,169.606100,61.659100,-173.614400,169.606100,118.963100,-173.614400,169.606100,118.963100,-174.864400,63.864400,118.963100,-174.864400,63.864400,118.963100,-173.614400,175.162000,0.303200,-218.614400,175.162000,300.303200,-218.614400,175.162000,300.303200,-174.864400,175.162000,0.303200,-174.864400,-162.338000,0.303200,-174.864400,-162.338000,0.303200,-218.614400,-162.338000,300.303200,-174.864500,-162.338000,300.303200,-218.614400,168.912000,6.553200,-218.614400,-156.088000,6.553200,-218.614400,-156.088000,6.553200,-174.864400,168.912000,6.553200,-174.864400,168.911900,294.053200,-174.864400,168.911900,294.053200,-218.614400,-156.088000,294.053200,-218.614500,-156.088000,294.053200,-174.864500,-50.763500,61.659100,-174.864400,-50.763500,61.659100,-173.614400,61.364500,61.659100,-174.864400,61.364500,61.659100,-173.614400,-51.388500,294.053200,-174.864400,-51.388500,6.553200,-174.864400,-47.638500,6.553200,-174.864400,-47.638500,294.053200,-174.864400,-51.388500,294.053200,-218.614400,-47.638500,294.053200,-218.614400,-47.638500,6.553200,-218.614400,-51.388500,6.553200,-218.614400,168.911900,58.534100,-218.614400,-156.088000,58.534100,-218.614500,-156.088000,62.284100,-218.614500,168.911900,62.284100,-218.614400,168.911900,58.534100,-174.864400,168.911900,62.284100,-174.864400,-156.088000,62.284100,-174.864400,-156.088000,58.534100,-174.864500,168.911900,118.338100,-218.614400,-156.088000,118.338100,-218.614500,-156.088000,122.088100,-218.614500,168.911900,122.088100,-218.614400,168.911900,118.338100,-174.864400,168.911900,122.088100,-174.864400,-156.088000,122.088100,-174.864400,-156.088000,118.338100,-174.864500,-156.088000,178.428200,-218.614500,-156.088000,182.178200,-218.614500,168.911900,182.178200,-218.614400,168.911900,178.428200,-218.614400,168.911900,182.178200,-174.864400,-156.088000,182.178200,-174.864400,-156.088000,178.428200,-174.864500,168.911900,178.428200,-174.864400,-156.088000,294.053100,-217.364500,-156.088000,6.553200,-217.364400,168.911900,6.553200,-217.364400,168.911900,294.053100,-217.364400,-156.088000,294.053100,-218.614500,168.911900,294.053100,-218.614400,168.911900,6.553200,-218.614400,60.739500,294.053200,-174.864400,60.739500,6.553200,-174.864400,64.489500,6.553200,-174.864400,64.489500,294.053200,-174.864400,60.739500,294.053200,-218.614400,64.489500,294.053200,-218.614400,64.489500,6.553200,-218.614400,60.739500,6.553200,-218.614400],

    "morphTargets": [],

    "morphColors": [],

    "normals": [0,0,-1,0,0,1,0,-1,-0,-1,0,-0,0,1,-0,1,0,-0],

    "colors": [],

    "uvs": [[0,0,1,0,1,1,0,1,0,0,0.5,1,0.2351,1,0.2351,0,0.5,0,0.7351,0,0.7351,1,0.2344,1,0.2344,0,0.7344,1,0.7344,0,0.0225,0.98,0.9775,0.98,0.0225,0.02,0.9775,0.02,0.2225,2.6717,0.2225,-1.6717,0.7775,-1.6717,0.7775,2.6717,0.7775,2.6717,0.2225,2.6717,0.2225,-1.6717,0.7775,-1.6717,0.2225,0.9995,0.2225,0.0005,0.7775,0.0005,0.7775,0.9995,-1.6717,0.9995,-1.6717,0.0005,2.6717,0.0005,2.6717,0.9995,0.7775,0.9995,0.2225,0.9995,0.2225,0.0005,0.7775,0.0005,-1.6717,0.0005,2.6717,0.0005,2.6717,0.9995,-1.6717,0.9995]],